<?xml version="1.0"?>
<doc>
    <assembly>
        <name>SkaaEditorUI</name>
    </assembly>
    <members>
        <member name="F:SkaaEditorUI.Forms.AddNewFrame.components">
            <summary>
            Required designer variable.
            </summary>
        </member>
        <member name="M:SkaaEditorUI.Forms.AddNewFrame.Dispose(System.Boolean)">
            <summary>
            Clean up any resources being used.
            </summary>
            <param name="disposing">true if managed resources should be disposed; otherwise, false.</param>
        </member>
        <member name="M:SkaaEditorUI.Forms.AddNewFrame.InitializeComponent">
            <summary>
            Required method for Designer support - do not modify
            the contents of this method with the code editor.
            </summary>
        </member>
        <member name="M:SkaaEditorUI.Forms.MDISkaaEditorMainForm.OpenSprite``1(System.String)">
            <summary>
            Opens a <see cref="T:SkaaGameDataLib.SkaaSprite"/> or <see cref="F:SkaaGameDataLib.FileFormats.ResIdxMultiBmp"/>
            </summary>
            <typeparam name="T">A presenter class that implements <see cref="T:SkaaEditorUI.Presenters.MultiImagePresenterBase"/></typeparam>
            <returns>The new presenter of type <paramref name="T"/> if successfull, <c>null</c> otherwise</returns>
        </member>
        <member name="M:SkaaEditorUI.Forms.MDISkaaEditorMainForm.ToggleUISaveEditOptions">
            <summary>
            Enables or disables various file saving-related UI options based on the current status of the application
            </summary>
        </member>
        <member name="M:SkaaEditorUI.Forms.MDISkaaEditorMainForm.ToggleUIProjectOptions">
            <summary>
            Enables or disables various project-related UI options based on the current status of the application
            </summary>
        </member>
        <member name="M:SkaaEditorUI.Forms.MDISkaaEditorMainForm.TrySaveCloseProject">
            <summary>
            Closes the current project and saves any changes, if needed.
            </summary>
            <returns>True if the project was closed (whether or not saved). False otherwise.</returns>
        </member>
        <member name="M:SkaaEditorUI.Forms.MDISkaaEditorMainForm.OpenNewImageEditorContainerTab">
            <summary>
            Opens a new document tab, which is automatically set as the <see cref="P:WeifenLuo.WinFormsUI.Docking.DockPanel.ActiveDocument"/>
            </summary>
        </member>
        <member name="F:SkaaEditorUI.Forms.MDISkaaEditorMainForm.components">
            <summary>
            Required designer variable.
            </summary>
        </member>
        <member name="M:SkaaEditorUI.Forms.MDISkaaEditorMainForm.Dispose(System.Boolean)">
            <summary>
            Clean up any resources being used.
            </summary>
            <param name="disposing">true if managed resources should be disposed; otherwise, false.</param>
        </member>
        <member name="M:SkaaEditorUI.Forms.MDISkaaEditorMainForm.InitializeComponent">
            <summary>
            Required method for Designer support - do not modify
            the contents of this method with the code editor.
            </summary>
        </member>
        <member name="F:SkaaEditorUI.Forms.AboutForm.components">
            <summary>
            Required designer variable.
            </summary>
        </member>
        <member name="M:SkaaEditorUI.Forms.AboutForm.Dispose(System.Boolean)">
            <summary>
            Clean up any resources being used.
            </summary>
            <param name="disposing">true if managed resources should be disposed; otherwise, false.</param>
        </member>
        <member name="M:SkaaEditorUI.Forms.AboutForm.InitializeComponent">
            <summary>
            Required method for Designer support - do not modify
            the contents of this method with the code editor.
            </summary>
        </member>
        <member name="F:SkaaEditorUI.Forms.DockContentControls.GameSetViewerContainer.components">
            <summary>
            Required designer variable.
            </summary>
        </member>
        <member name="M:SkaaEditorUI.Forms.DockContentControls.GameSetViewerContainer.Dispose(System.Boolean)">
            <summary>
            Clean up any resources being used.
            </summary>
            <param name="disposing">true if managed resources should be disposed; otherwise, false.</param>
        </member>
        <member name="M:SkaaEditorUI.Forms.DockContentControls.GameSetViewerContainer.InitializeComponent">
            <summary>
            Required method for Designer support - do not modify
            the contents of this method with the code editor.
            </summary>
        </member>
        <member name="F:SkaaEditorUI.Forms.SkaaSAVEditorTest.components">
            <summary>
            Required designer variable.
            </summary>
        </member>
        <member name="M:SkaaEditorUI.Forms.SkaaSAVEditorTest.Dispose(System.Boolean)">
            <summary>
            Clean up any resources being used.
            </summary>
            <param name="disposing">true if managed resources should be disposed; otherwise, false.</param>
        </member>
        <member name="M:SkaaEditorUI.Forms.SkaaSAVEditorTest.InitializeComponent">
            <summary>
            Required method for Designer support - do not modify
            the contents of this method with the code editor.
            </summary>
        </member>
        <member name="P:SkaaEditorUI.Misc.PresenterFileDialogEventArgs`1.FileDialogResults">
            <summary>
            The results from a FileDialog like OpenFileDialog or SaveFileDialog
            </summary>
        </member>
        <member name="M:SkaaEditorUI.Presenters.MultiImagePresenterBase.BuildFramePresenters">
            <summary>
            Creates a <see cref="T:SkaaEditorUI.Presenters.FramePresenter"/> for every <see cref="T:SkaaGameDataLib.SkaaFrame"/> in the <see cref="T:SkaaGameDataLib.SkaaSprite"/>
            referenced by <see cref="P:SkaaEditorUI.Presenters.PresenterBase`1.GameObject"/>. Calling this more than once on the same object
            will result in new <see cref="T:SkaaEditorUI.Presenters.FramePresenter"/> objects being generated, which come with new <see cref="T:System.Guid"/>
            values.
            </summary>
        </member>
        <member name="M:SkaaEditorUI.Presenters.MultiImagePresenterBase.GetSpriteSheet">
            <summary>
            Builds a <see cref="T:System.Drawing.Bitmap"/> sprite sheet containing all of this object's frames. There is 
            no padding between frames. The number of rows/columns of frames is the square root of the number of frames
            with an additional row added when the number of frames is not a perfect square.
            </summary>
            <returns>The newly-generated <see cref="T:System.Drawing.Bitmap"/></returns>
        </member>
        <member name="M:SkaaEditorUI.Presenters.PresenterBase`1.SetField``1(``0@,``0,System.Action)">
            <summary>
            Uses the default comparer to compare <paramref name="field"/> and <paramref name="value"/> and,
            if different, sets <paramref name="field"/> to the value specified and calls the delegate
            specified by <paramref name="onPropertyChanged"/>.
            </summary>
            <param name="field">The calling accessor's backing field</param>
            <param name="value">The new value being set</param>
            <param name="onPropertyChanged">The <see cref="E:SkaaEditorUI.Presenters.PresenterBase`1.PropertyChanged"/> delegate to be called if there was a change</param>
            <returns>False if the two values are equal; true otherwise</returns>
            <remarks> 
            This specific method is licensed under CC-BY-SA v2.5 as it was adapted from a StackOverflow user post. 
            Original: http://stackoverflow.com/questions/4364888/how-to-get-property-name-from-within-getter-setter-of-that-property
            License: CC-BY-SA v2.5 (http://creativecommons.org/licenses/by-sa/2.5/)
            </remarks>
        </member>
        <member name="M:SkaaEditorUI.Presenters.GameSetPresenter.Load(System.String,System.Object[])">
            <summary>
            Loads a 7KAA-format SET file (e.g., std.set)
            </summary>
            <param name="filePath">The path to the file</param>
            <param name="loadParam"></param>
            <returns>A new <see cref="T:System.Data.DataSet"/> containing all the tables and records of the specified file</returns>
        </member>
        <member name="M:SkaaEditorUI.Presenters.ResIdxMultiBmpPresenter.ReadFrames(System.String,System.Drawing.Imaging.ColorPalette)">
            <summary>
            Reads all the frame data from the specified file, of type <see cref="F:SkaaGameDataLib.FileFormats.ResIdxMultiBmp"/>
            </summary>
            <param name="filepath">The path to the file</param>
            <param name="pal">The <see cref="T:System.Drawing.Imaging.ColorPalette"/> to use in building the frame's image</param>
            <returns>
            A <see cref="T:System.Tuple`2"/> where <c>T1</c> is the new <see cref="T:SkaaGameDataLib.SkaaSprite"/> and <c>T2</c> is
            the <see cref="T:System.Data.DataTable"/> read from the ResIdx header.
            </returns>
            <remarks>
            This differs from loading an SPR file in that the file contains the <see cref="T:SkaaGameDataLib.SkaaFrame"/> data
            directly in its header rather than in the standard game set (see <see cref="!:GameSetFile"/>. The 
            <see cref="T:System.Data.DataTable"/> only has fields for FrameName and FrameOffset; any other data is stored 
            elsewhere, generally in DBF (dBaseIII) files that may or may not be in the standard game set.
            </remarks>
        </member>
        <member name="M:SkaaEditorUI.Presenters.ResIdxMultiBmpPresenter.GetSpriteStream">
            <summary>
            Creates and returns a <see cref="T:System.IO.MemoryStream"/> containing <see cref="T:SkaaGameDataLib.SkaaFrame"/> data for 
            all <see cref="!:IFrame"/> objects in <see cref="!:Frames"/>. The first four bytes are ignored
            as they are the file's size, which is not used in ResIdx files.
            The <see cref="P:System.IO.MemoryStream.Position"/> is reset to 0 before returning.
            </summary>
        </member>
        <member name="P:SkaaEditorUI.Presenters.FramePresenter.Bitmap">
            <summary>
            Sets the <see cref="P:SkaaEditorUI.Presenters.FramePresenter.Bitmap"/> property to the specified value and raises the
            <see cref="E:SkaaEditorUI.Presenters.PresenterBase`1.PropertyChanged"/> event without doing a comparison.
            </summary>
        </member>
        <member name="M:SkaaEditorUI.Presenters.SpritePresenter.Load(System.String,System.Object[])">
            <summary>
            Creates a <see cref="T:SkaaGameDataLib.SkaaSprite"/> object from an SPR-formatted file
            </summary>
            <param name="filePath">The absolute path to the SPR file to open</param>
            <returns>The newly-created <see cref="T:SkaaGameDataLib.SkaaSprite"/></returns>
        </member>
        <member name="M:SkaaEditorUI.Presenters.SpritePresenter.GetSpriteStream">
            <summary>
            Creates and returns a <see cref="T:System.IO.MemoryStream"/> containing <see cref="T:SkaaGameDataLib.SkaaFrame"/> data for 
            all <see cref="!:IFrame"/> objects in <see cref="!:Frames"/>. The <see cref="P:System.IO.MemoryStream.Position"/>
            is reset to 0 before returning.
            </summary>
        </member>
        <member name="M:SkaaEditorUI.Presenters.SpritePresenter.UpdateFrameNamesAndOffsets">
            <summary>
            The underlying <see cref="T:SkaaGameDataLib.SkaaSprite"/> updates its <see cref="F:SkaaGameDataLib.SkaaFrame.Name"/> and <see cref="F:SkaaGameDataLib.SkaaFrame.BitmapOffset"/>
            values based on the information in the <see cref="P:SkaaEditorUI.Presenters.MultiImagePresenterBase.DataView"/> so we need to update ours as well.
            </summary>
        </member>
        <member name="T:SkaaEditorUI.ProjectManager">
            <summary>
            A singleton class that will manage a <see cref="!:Project"/>'s file operations
            </summary>
        </member>
        <member name="M:SkaaEditorUI.ProjectManager.GetTemporaryDirectory">
            <summary>
            Creates a new <see cref="P:SkaaEditorUI.ProjectManager.TempDirectory"/> in <see cref="M:System.IO.Path.GetTempPath"/>
            </summary>
        </member>
        <member name="M:SkaaEditorUI.ProjectManager.IsFileFormatUnknown(SkaaGameDataLib.FileFormats)">
            <summary>
            Checks whether the specified format is any kind of unknown format
            </summary>
        </member>
        <member name="M:SkaaEditorUI.ProjectManager.CreateNewProject">
            <summary>
            Creates a new <see cref="!:Project"/> in <see cref="P:SkaaEditorUI.ProjectManager.TempDirectory"/> 
            </summary>
            <returns>A new <see cref="!:Project"/></returns>
        </member>
        <member name="M:SkaaEditorUI.ProjectManager.CloseProject">
            <summary>
            Closes the project by saving all files to <see cref="P:SkaaEditorUI.ProjectManager.SaveDirectory"/> or, if it's null, to <see cref="P:SkaaEditorUI.ProjectManager.TempDirectory"/> and cleaning temp files
            </summary>
        </member>
        <member name="M:SkaaEditorUI.ProjectManager.Open``2(System.Object[])">
            <summary>
            Calls the <see cref="M:SkaaEditorUI.Presenters.IPresenterBase`1.Open``1(System.Object[])"/> method of the specified type
            </summary>
            <typeparam name="T">A SkaaGameDataLib object</typeparam>
            <typeparam name="T1">An <see cref="T:SkaaEditorUI.Presenters.IPresenterBase`1"/> object on which to call Open()</typeparam>
            <returns></returns>
        </member>
        <member name="T:SkaaEditorUI.Properties.Resources">
            <summary>
              A strongly-typed resource class, for looking up localized strings, etc.
            </summary>
        </member>
        <member name="P:SkaaEditorUI.Properties.Resources.ResourceManager">
            <summary>
              Returns the cached ResourceManager instance used by this class.
            </summary>
        </member>
        <member name="P:SkaaEditorUI.Properties.Resources.Culture">
            <summary>
              Overrides the current thread's CurrentUICulture property for all
              resource lookups using this strongly typed resource class.
            </summary>
        </member>
        <member name="P:SkaaEditorUI.Properties.Resources.Kazuya_Hartless">
            <summary>
              Looks up a localized resource of type System.Drawing.Bitmap.
            </summary>
        </member>
        <member name="P:SkaaEditorUI.Properties.Resources.MenuFileCloseIcon">
            <summary>
              Looks up a localized resource of type System.Drawing.Bitmap.
            </summary>
        </member>
        <member name="P:SkaaEditorUI.Properties.Resources.MenuFileNewIcon">
            <summary>
              Looks up a localized resource of type System.Drawing.Bitmap.
            </summary>
        </member>
        <member name="P:SkaaEditorUI.Properties.Resources.MenuFileOpenIcon">
            <summary>
              Looks up a localized resource of type System.Drawing.Bitmap.
            </summary>
        </member>
        <member name="P:SkaaEditorUI.Properties.Resources.MenuFileSaveIcon">
            <summary>
              Looks up a localized resource of type System.Drawing.Bitmap.
            </summary>
        </member>
        <member name="M:SkaaEditorUI.Program.Main">
            <summary>
            The main entry point for the application.
            </summary>
        </member>
    </members>
</doc>
