BASE_FILE,FRAME_NO,NEXT_FRAME,FILENAME,BITMAPPTR
SS-001  ,1,2,SS-001M ,0
SS-001  ,2,3,SS-001N ,18464
SS-001  ,3,4,SS-001O ,38787
SS-001  ,4,5,SS-001P ,55701
SS-001  ,5,6,SS-001Q ,75360
SS-001  ,6,7,SS-001P ,55701
SS-001  ,7,8,SS-001O ,38787
SS-001  ,8,9,SS-001N ,18464
SS-001  ,9,1,SS-001M ,0
SS-002  ,1,2,SS-002M ,537
SS-002  ,2,3,SS-002N ,19001
SS-002  ,3,4,SS-002O ,39203
SS-002  ,4,5,SS-002P ,56238
SS-002  ,5,6,SS-002Q ,75897
SS-002  ,6,7,SS-002P ,56238
SS-002  ,7,8,SS-002O ,39203
SS-002  ,8,9,SS-002N ,19001
SS-002  ,9,1,SS-002M ,537
SS-003  ,1,2,SS-003M ,1087
SS-003  ,2,3,SS-003N ,19551
SS-003  ,3,4,SS-003O ,39596
SS-003  ,4,5,SS-003P ,56788
SS-003  ,5,6,SS-003Q ,76447
SS-003  ,6,7,SS-003P ,56788
SS-003  ,7,8,SS-003O ,39596
SS-003  ,8,9,SS-003N ,19551
SS-003  ,9,1,SS-003M ,1087
SS-004  ,1,2,SS-004M ,1644
SS-004  ,2,3,SS-004N ,20108
SS-004  ,3,4,SS-004O ,40032
SS-004  ,4,5,SS-004P ,57345
SS-004  ,5,6,SS-004Q ,77004
SS-004  ,6,7,SS-004P ,57345
SS-004  ,7,8,SS-004O ,40032
SS-004  ,8,9,SS-004N ,20108
SS-004  ,9,1,SS-004M ,1644
SS-005  ,1,2,SS-005M ,2197
SS-005  ,2,3,SS-005N ,20661
SS-005  ,3,4,SS-005O ,40444
SS-005  ,4,5,SS-005P ,57898
SS-005  ,5,6,SS-005Q ,77557
SS-005  ,6,7,SS-005P ,57898
SS-005  ,7,8,SS-005O ,40444
SS-005  ,8,9,SS-005N ,20661
SS-005  ,9,1,SS-005M ,2197
SS-006  ,1,2,SS-006M ,2728
SS-006  ,2,3,SS-006N ,21192
SS-006  ,3,4,SS-006O ,40822
SS-006  ,4,5,SS-006P ,58429
SS-006  ,5,6,SS-006Q ,78088
SS-006  ,6,7,SS-006P ,58429
SS-006  ,7,8,SS-006O ,40822
SS-006  ,8,9,SS-006N ,21192
SS-006  ,9,1,SS-006M ,2728
SS-007  ,1,2,SS-007M ,3262
SS-007  ,2,3,SS-007N ,21726
SS-007  ,3,4,SS-007O ,41243
SS-007  ,4,5,SS-007P ,58963
SS-007  ,5,6,SS-007Q ,78622
SS-007  ,6,7,SS-007P ,58963
SS-007  ,7,8,SS-007O ,41243
SS-007  ,8,9,SS-007N ,21726
SS-007  ,9,1,SS-007M ,3262
SG-001  ,1,2,SG-001M ,3821
SG-001  ,2,3,SG-001N ,22285
SG-001  ,3,4,SG-001O ,41639
SG-001  ,4,5,SG-001P ,59522
SG-001  ,5,6,SG-001Q ,79181
SG-001  ,6,7,SG-001P ,59522
SG-001  ,7,8,SG-001O ,41639
SG-001  ,8,9,SG-001N ,22285
SG-001  ,9,1,SG-001M ,3821
SG-001A ,1,2,SG-001AM,4233
SG-001A ,2,3,SG-001AN,22716
SG-001A ,3,4,SG-001AO,41977
SG-001A ,4,5,SG-001AP,59943
SG-001A ,5,6,SG-001AQ,79610
SG-001A ,6,7,SG-001AP,59943
SG-001A ,7,8,SG-001AO,41977
SG-001A ,8,9,SG-001AN,22716
SG-001A ,9,1,SG-001AM,4233
SG-002  ,1,2,SG-002M ,4622
SG-002  ,2,3,SG-002N ,23119
SG-002  ,3,4,SG-002O ,42294
SG-002  ,4,5,SG-002P ,60341
SG-002  ,5,6,SG-002Q ,80007
SG-002  ,6,7,SG-002P ,60341
SG-002  ,7,8,SG-002O ,42294
SG-002  ,8,9,SG-002N ,23119
SG-002  ,9,1,SG-002M ,4622
SG-002A ,1,2,SG-002AM,4947
SG-002A ,2,3,SG-002AN,23500
SG-002A ,3,4,SG-002AO,42638
SG-002A ,4,5,SG-002AP,60699
SG-002A ,5,6,SG-002AQ,80390
SG-002A ,6,7,SG-002AP,60699
SG-002A ,7,8,SG-002AO,42638
SG-002A ,8,9,SG-002AN,23500
SG-002A ,9,1,SG-002AM,4947
SG-003  ,1,2,SG-003M ,5324
SG-003  ,2,3,SG-003N ,23878
SG-003  ,3,4,SG-003O ,42937
SG-003  ,4,5,SG-003P ,61076
SG-003  ,5,6,SG-003Q ,80768
SG-003  ,6,7,SG-003P ,61076
SG-003  ,7,8,SG-003O ,42937
SG-003  ,8,9,SG-003N ,23878
SG-003  ,9,1,SG-003M ,5324
SG-003A ,1,2,SG-003AM,5736
SG-003A ,2,3,SG-003AN,24305
SG-003A ,3,4,SG-003AO,43273
SG-003A ,4,5,SG-003AP,61504
SG-003A ,5,6,SG-003AQ,81201
SG-003A ,6,7,SG-003AP,61504
SG-003A ,7,8,SG-003AO,43273
SG-003A ,8,9,SG-003AN,24305
SG-003A ,9,1,SG-003AM,5736
SG-004  ,1,2,SG-004M ,6021
SG-004  ,2,3,SG-004N ,24628
SG-004  ,3,4,SG-004O ,43554
SG-004  ,4,5,SG-004P ,61819
SG-004  ,5,6,SG-004Q ,81537
SG-004  ,6,7,SG-004P ,61819
SG-004  ,7,8,SG-004O ,43554
SG-004  ,8,9,SG-004N ,24628
SG-004  ,9,1,SG-004M ,6021
SG-004A ,1,2,SG-004AM,6362
SG-004A ,2,3,SG-004AN,25056
SG-004A ,3,4,SG-004AO,43944
SG-004A ,4,5,SG-004AP,62202
SG-004A ,5,6,SG-004AQ,81951
SG-004A ,6,7,SG-004AP,62202
SG-004A ,7,8,SG-004AO,43944
SG-004A ,8,9,SG-004AN,25056
SG-004A ,9,1,SG-004AM,6362
SG-005  ,1,2,SG-005M ,6622
SG-005  ,2,3,SG-005N ,25338
SG-005  ,3,4,SG-005O ,44224
SG-005  ,4,5,SG-005P ,62488
SG-005  ,5,6,SG-005Q ,82253
SG-005  ,6,7,SG-005P ,62488
SG-005  ,7,8,SG-005O ,44224
SG-005  ,8,9,SG-005N ,25338
SG-005  ,9,1,SG-005M ,6622
SG-006  ,1,2,SG-006M ,6971
SG-006  ,2,3,SG-006N ,25698
SG-006  ,3,4,SG-006O ,44495
SG-006  ,4,5,SG-006P ,62843
SG-006  ,5,6,SG-006Q ,82619
SG-006  ,6,7,SG-006P ,62843
SG-006  ,7,8,SG-006O ,44495
SG-006  ,8,9,SG-006N ,25698
SG-006  ,9,1,SG-006M ,6971
SG-007  ,1,2,SG-007M ,7332
SG-007  ,2,3,SG-007N ,26068
SG-007  ,3,4,SG-007O ,44762
SG-007  ,4,5,SG-007P ,63207
SG-007  ,5,6,SG-007Q ,82984
SG-007  ,6,7,SG-007P ,63207
SG-007  ,7,8,SG-007O ,44762
SG-007  ,8,9,SG-007N ,26068
SG-007  ,9,1,SG-007M ,7332
SG-008  ,1,2,SG-008M ,7611
SG-008  ,2,3,SG-008N ,26375
SG-008  ,3,4,SG-008O ,45046
SG-008  ,4,5,SG-008P ,63513
SG-008  ,5,6,SG-008Q ,83307
SG-008  ,6,7,SG-008P ,63513
SG-008  ,7,8,SG-008O ,45046
SG-008  ,8,9,SG-008N ,26375
SG-008  ,9,1,SG-008M ,7611
SG-009  ,1,2,SG-009M ,7858
SG-009  ,2,3,SG-009N ,26653
SG-009  ,3,4,SG-009O ,45310
SG-009  ,4,5,SG-009P ,63793
SG-009  ,5,6,SG-009Q ,83615
SG-009  ,6,7,SG-009P ,63793
SG-009  ,7,8,SG-009O ,45310
SG-009  ,8,9,SG-009N ,26653
SG-009  ,9,1,SG-009M ,7858
SG-009A ,1,2,SG-009AM,8026
SG-009A ,2,3,SG-009AN,26863
SG-009A ,3,4,SG-009AO,45477
SG-009A ,4,5,SG-009AP,63984
SG-009A ,5,6,SG-009AQ,83822
SG-009A ,6,7,SG-009AP,63984
SG-009A ,7,8,SG-009AO,45477
SG-009A ,8,9,SG-009AN,26863
SG-009A ,9,1,SG-009AM,8026
SG-009B ,1,2,SG-009BM,8165
SG-009B ,2,3,SG-009BN,27047
SG-009B ,3,4,SG-009BO,45661
SG-009B ,4,5,SG-009BP,64151
SG-009B ,5,6,SG-009BQ,84012
SG-009B ,6,7,SG-009BP,64151
SG-009B ,7,8,SG-009BO,45661
SG-009B ,8,9,SG-009BN,27047
SG-009B ,9,1,SG-009BM,8165
SG-009C ,1,2,SG-009CM,8326
SG-009C ,2,3,SG-009CN,27254
SG-009C ,3,4,SG-009CO,45832
SG-009C ,4,5,SG-009CP,64341
SG-009C ,5,6,SG-009CQ,84219
SG-009C ,6,7,SG-009CP,64341
SG-009C ,7,8,SG-009CO,45832
SG-009C ,8,9,SG-009CN,27254
SG-009C ,9,1,SG-009CM,8326
SG-010  ,1,2,SG-010M ,8507
SG-010  ,2,3,SG-010N ,27482
SG-010  ,3,4,SG-010O ,46021
SG-010  ,4,5,SG-010P ,64546
SG-010  ,5,6,SG-010Q ,84443
SG-010  ,6,7,SG-010P ,64546
SG-010  ,7,8,SG-010O ,46021
SG-010  ,8,9,SG-010N ,27482
SG-010  ,9,1,SG-010M ,8507
SG-010A ,1,2,SG-010AM,8729
SG-010A ,2,3,SG-010AN,27736
SG-010A ,3,4,SG-010AO,46237
SG-010A ,4,5,SG-010AP,64793
SG-010A ,5,6,SG-010AQ,84719
SG-010A ,6,7,SG-010AP,64793
SG-010A ,7,8,SG-010AO,46237
SG-010A ,8,9,SG-010AN,27736
SG-010A ,9,1,SG-010AM,8729
SG-010B ,1,2,SG-010BM,8880
SG-010B ,2,3,SG-010BN,27916
SG-010B ,3,4,SG-010BO,46393
SG-010B ,4,5,SG-010BP,64968
SG-010B ,5,6,SG-010BQ,84911
SG-010B ,6,7,SG-010BP,64968
SG-010B ,7,8,SG-010BO,46393
SG-010B ,8,9,SG-010BN,27916
SG-010B ,9,1,SG-010BM,8880
SG-010C ,1,2,SG-010CM,9056
SG-010C ,2,3,SG-010CN,28132
SG-010C ,3,4,SG-010CO,46568
SG-010C ,4,5,SG-010CP,65158
SG-010C ,5,6,SG-010CQ,85124
SG-010C ,6,7,SG-010CP,65158
SG-010C ,7,8,SG-010CO,46568
SG-010C ,8,9,SG-010CN,28132
SG-010C ,9,1,SG-010CM,9056
SG-011  ,1,2,SG-011M ,9297
SG-011  ,2,3,SG-011N ,28407
SG-011  ,3,4,SG-011O ,46781
SG-011  ,4,5,SG-011P ,65425
SG-011  ,5,6,SG-011Q ,85402
SG-011  ,6,7,SG-011P ,65425
SG-011  ,7,8,SG-011O ,46781
SG-011  ,8,9,SG-011N ,28407
SG-011  ,9,1,SG-011M ,9297
SG-011A ,1,2,SG-011AM,9423
SG-011A ,2,3,SG-011AN,28557
SG-011A ,3,4,SG-011AO,46967
SG-011A ,4,5,SG-011AP,65584
SG-011A ,5,6,SG-011AQ,85572
SG-011A ,6,7,SG-011AP,65584
SG-011A ,7,8,SG-011AO,46967
SG-011A ,8,9,SG-011AN,28557
SG-011A ,9,1,SG-011AM,9423
SG-011B ,1,2,SG-011BM,9540
SG-011B ,2,3,SG-011BN,28699
SG-011B ,3,4,SG-011BO,47123
SG-011B ,4,5,SG-011BP,65723
SG-011B ,5,6,SG-011BQ,85721
SG-011B ,6,7,SG-011BP,65723
SG-011B ,7,8,SG-011BO,47123
SG-011B ,8,9,SG-011BN,28699
SG-011B ,9,1,SG-011BM,9540
SG-011C ,1,2,SG-011CM,9716
SG-011C ,2,3,SG-011CN,28904
SG-011C ,3,4,SG-011CO,47349
SG-011C ,4,5,SG-011CP,65925
SG-011C ,5,6,SG-011CQ,85939
SG-011C ,6,7,SG-011CP,65925
SG-011C ,7,8,SG-011CO,47349
SG-011C ,8,9,SG-011CN,28904
SG-011C ,9,1,SG-011CM,9716
SG-012  ,1,2,SG-012M ,9843
SG-012  ,2,3,SG-012N ,29066
SG-012  ,3,4,SG-012O ,47522
SG-012  ,4,5,SG-012P ,66072
SG-012  ,5,6,SG-012Q ,86098
SG-012  ,6,7,SG-012P ,66072
SG-012  ,7,8,SG-012O ,47522
SG-012  ,8,9,SG-012N ,29066
SG-012  ,9,1,SG-012M ,9843
SG-012A ,1,2,SG-012AM,9991
SG-012A ,2,3,SG-012AN,29214
SG-012A ,3,4,SG-012AO,47637
SG-012A ,4,5,SG-012AP,66220
SG-012A ,5,6,SG-012AQ,86246
SG-012A ,6,7,SG-012AP,66220
SG-012A ,7,8,SG-012AO,47637
SG-012A ,8,9,SG-012AN,29214
SG-012A ,9,1,SG-012AM,9991
SG-012B ,1,2,SG-012BM,10161
SG-012B ,2,3,SG-012BN,29389
SG-012B ,3,4,SG-012BO,47781
SG-012B ,4,5,SG-012BP,66390
SG-012B ,5,6,SG-012BQ,86424
SG-012B ,6,7,SG-012BP,66390
SG-012B ,7,8,SG-012BO,47781
SG-012B ,8,9,SG-012BN,29389
SG-012B ,9,1,SG-012BM,10161
SG-012C ,1,2,SG-012CM,10402
SG-012C ,2,3,SG-012CN,29632
SG-012C ,3,4,SG-012CO,47966
SG-012C ,4,5,SG-012CP,66631
SG-012C ,5,6,SG-012CQ,86671
SG-012C ,6,7,SG-012CP,66631
SG-012C ,7,8,SG-012CO,47966
SG-012C ,8,9,SG-012CN,29632
SG-012C ,9,1,SG-012CM,10402
SG-013  ,1,2,SG-013M ,10489
SG-013  ,2,3,SG-013N ,29719
SG-013  ,3,4,SG-013O ,48033
SG-013  ,4,5,SG-013P ,66718
SG-013  ,5,6,SG-013Q ,86758
SG-013  ,6,7,SG-013P ,66718
SG-013  ,7,8,SG-013O ,48033
SG-013  ,8,9,SG-013N ,29719
SG-013  ,9,1,SG-013M ,10489
SG-013A ,1,2,SG-013AM,10757
SG-013A ,2,3,SG-013AN,30027
SG-013A ,3,4,SG-013AO,48293
SG-013A ,4,5,SG-013AP,67008
SG-013A ,5,6,SG-013AQ,87062
SG-013A ,6,7,SG-013AP,67008
SG-013A ,7,8,SG-013AO,48293
SG-013A ,8,9,SG-013AN,30027
SG-013A ,9,1,SG-013AM,10757
SG-014  ,1,2,SG-014M ,10943
SG-014  ,2,3,SG-014N ,30236
SG-014  ,3,4,SG-014O ,48450
SG-014  ,4,5,SG-014P ,67202
SG-014  ,5,6,SG-014Q ,87261
SG-014  ,6,7,SG-014P ,67202
SG-014  ,7,8,SG-014O ,48450
SG-014  ,8,9,SG-014N ,30236
SG-014  ,9,1,SG-014M ,10943
SG-014A ,1,2,SG-014AM,11105
SG-014A ,2,3,SG-014AN,30423
SG-014A ,3,4,SG-014AO,48599
SG-014A ,4,5,SG-014AP,67383
SG-014A ,5,6,SG-014AQ,87457
SG-014A ,6,7,SG-014AP,67383
SG-014A ,7,8,SG-014AO,48599
SG-014A ,8,9,SG-014AN,30423
SG-014A ,9,1,SG-014AM,11105
SG-015  ,1,2,SG-015M ,11256
SG-015  ,2,3,SG-015N ,30648
SG-015  ,3,4,SG-015O ,48802
SG-015  ,4,5,SG-015P ,67570
SG-015  ,5,6,SG-015Q ,87667
SG-015  ,6,7,SG-015P ,67570
SG-015  ,7,8,SG-015O ,48802
SG-015  ,8,9,SG-015N ,30648
SG-015  ,9,1,SG-015M ,11256
SG-015A ,1,2,SG-015AM,11394
SG-015A ,2,3,SG-015AN,30813
SG-015A ,3,4,SG-015AO,48976
SG-015A ,4,5,SG-015AP,67737
SG-015A ,5,6,SG-015AQ,87834
SG-015A ,6,7,SG-015AP,67737
SG-015A ,7,8,SG-015AO,48976
SG-015A ,8,9,SG-015AN,30813
SG-015A ,9,1,SG-015AM,11394
SG-016  ,1,2,SG-016M ,11561
SG-016  ,2,3,SG-016N ,31005
SG-016  ,3,4,SG-016O ,49164
SG-016  ,4,5,SG-016P ,67928
SG-016  ,5,6,SG-016Q ,88029
SG-016  ,6,7,SG-016P ,67928
SG-016  ,7,8,SG-016O ,49164
SG-016  ,8,9,SG-016N ,31005
SG-016  ,9,1,SG-016M ,11561
SG-016A ,1,2,SG-016AM,11681
SG-016A ,2,3,SG-016AN,31125
SG-016A ,3,4,SG-016AO,49256
SG-016A ,4,5,SG-016AP,68048
SG-016A ,5,6,SG-016AQ,88149
SG-016A ,6,7,SG-016AP,68048
SG-016A ,7,8,SG-016AO,49256
SG-016A ,8,9,SG-016AN,31125
SG-016A ,9,1,SG-016AM,11681
SG-017  ,1,2,SG-017M ,11837
SG-017  ,2,3,SG-017N ,31281
SG-017  ,3,4,SG-017O ,49374
SG-017  ,4,5,SG-017P ,68204
SG-017  ,5,6,SG-017Q ,88305
SG-017  ,6,7,SG-017P ,68204
SG-017  ,7,8,SG-017O ,49374
SG-017  ,8,9,SG-017N ,31281
SG-017  ,9,1,SG-017M ,11837
SG-017A ,1,2,SG-017AM,12054
SG-017A ,2,3,SG-017AN,31557
SG-017A ,3,4,SG-017AO,49637
SG-017A ,4,5,SG-017AP,68470
SG-017A ,5,6,SG-017AQ,88586
SG-017A ,6,7,SG-017AP,68470
SG-017A ,7,8,SG-017AO,49637
SG-017A ,8,9,SG-017AN,31557
SG-017A ,9,1,SG-017AM,12054
SG-018  ,1,2,SG-018M ,12215
SG-018  ,2,3,SG-018N ,31746
SG-018  ,3,4,SG-018O ,49795
SG-018  ,4,5,SG-018P ,68649
SG-018  ,5,6,SG-018Q ,88773
SG-018  ,6,7,SG-018P ,68649
SG-018  ,7,8,SG-018O ,49795
SG-018  ,8,9,SG-018N ,31746
SG-018  ,9,1,SG-018M ,12215
SG-018A ,1,2,SG-018AM,12423
SG-018A ,2,3,SG-018AN,31991
SG-018A ,3,4,SG-018AO,49999
SG-018A ,4,5,SG-018AP,68877
SG-018A ,5,6,SG-018AQ,89018
SG-018A ,6,7,SG-018AP,68877
SG-018A ,7,8,SG-018AO,49999
SG-018A ,8,9,SG-018AN,31991
SG-018A ,9,1,SG-018AM,12423
SG-019  ,1,2,SG-019M ,12597
SG-019  ,2,3,SG-019N ,32229
SG-019  ,3,4,SG-019O ,50203
SG-019  ,4,5,SG-019P ,69072
SG-019  ,5,6,SG-019Q ,89248
SG-019  ,6,7,SG-019P ,69072
SG-019  ,7,8,SG-019O ,50203
SG-019  ,8,9,SG-019N ,32229
SG-019  ,9,1,SG-019M ,12597
SG-019A ,1,2,SG-019AM,12735
SG-019A ,2,3,SG-019AN,32414
SG-019A ,3,4,SG-019AO,50397
SG-019A ,4,5,SG-019AP,69237
SG-019A ,5,6,SG-019AQ,89433
SG-019A ,6,7,SG-019AP,69237
SG-019A ,7,8,SG-019AO,50397
SG-019A ,8,9,SG-019AN,32414
SG-019A ,9,1,SG-019AM,12735
SG-020  ,1,2,SG-020M ,12964
SG-020  ,2,3,SG-020N ,32671
SG-020  ,3,4,SG-020O ,50625
SG-020  ,4,5,SG-020P ,69482
SG-020  ,5,6,SG-020Q ,89698
SG-020  ,6,7,SG-020P ,69482
SG-020  ,7,8,SG-020O ,50625
SG-020  ,8,9,SG-020N ,32671
SG-020  ,9,1,SG-020M ,12964
SG-020A ,1,2,SG-020AM,13055
SG-020A ,2,3,SG-020AN,32788
SG-020A ,3,4,SG-020AO,50716
SG-020A ,4,5,SG-020AP,69582
SG-020A ,5,6,SG-020AQ,89813
SG-020A ,6,7,SG-020AP,69582
SG-020A ,7,8,SG-020AO,50716
SG-020A ,8,9,SG-020AN,32788
SG-020A ,9,1,SG-020AM,13055
SG-021  ,1,2,SG-021M ,13149
SG-021  ,2,3,SG-021N ,32882
SG-021  ,3,4,SG-021O ,50783
SG-021  ,4,5,SG-021P ,69676
SG-021  ,5,6,SG-021Q ,89907
SG-021  ,6,7,SG-021P ,69676
SG-021  ,7,8,SG-021O ,50783
SG-021  ,8,9,SG-021N ,32882
SG-021  ,9,1,SG-021M ,13149
SG-021A ,1,2,SG-021AM,13328
SG-021A ,2,3,SG-021AN,33108
SG-021A ,3,4,SG-021AO,50968
SG-021A ,4,5,SG-021AP,69876
SG-021A ,5,6,SG-021AQ,90135
SG-021A ,6,7,SG-021AP,69876
SG-021A ,7,8,SG-021AO,50968
SG-021A ,8,9,SG-021AN,33108
SG-021A ,9,1,SG-021AM,13328
SG-022  ,1,2,SG-022M ,13471
SG-022  ,2,3,SG-022N ,33310
SG-022  ,3,4,SG-022O ,51143
SG-022  ,4,5,SG-022P ,70048
SG-022  ,5,6,SG-022Q ,90324
SG-022  ,6,7,SG-022P ,70048
SG-022  ,7,8,SG-022O ,51143
SG-022  ,8,9,SG-022N ,33310
SG-022  ,9,1,SG-022M ,13471
SG-022A ,1,2,SG-022AM,13643
SG-022A ,2,3,SG-022AN,33513
SG-022A ,3,4,SG-022AO,51311
SG-022A ,4,5,SG-022AP,70237
SG-022A ,5,6,SG-022AQ,90538
SG-022A ,6,7,SG-022AP,70237
SG-022A ,7,8,SG-022AO,51311
SG-022A ,8,9,SG-022AN,33513
SG-022A ,9,1,SG-022AM,13643
SG-023  ,1,2,SG-023M ,13815
SG-023  ,2,3,SG-023N ,33747
SG-023  ,3,4,SG-023O ,51516
SG-023  ,4,5,SG-023P ,70453
SG-023  ,5,6,SG-023Q ,90770
SG-023  ,6,7,SG-023P ,70453
SG-023  ,7,8,SG-023O ,51516
SG-023  ,8,9,SG-023N ,33747
SG-023  ,9,1,SG-023M ,13815
SG-023A ,1,2,SG-023AM,13935
SG-023A ,2,3,SG-023AN,33893
SG-023A ,3,4,SG-023AO,51685
SG-023A ,4,5,SG-023AP,70594
SG-023A ,5,6,SG-023AQ,90933
SG-023A ,6,7,SG-023AP,70594
SG-023A ,7,8,SG-023AO,51685
SG-023A ,8,9,SG-023AN,33893
SG-023A ,9,1,SG-023AM,13935
SG-024  ,1,2,SG-024M ,14136
SG-024  ,2,3,SG-024N ,34124
SG-024  ,3,4,SG-024O ,51909
SG-024  ,4,5,SG-024P ,70822
SG-024  ,5,6,SG-024Q ,91168
SG-024  ,6,7,SG-024P ,70822
SG-024  ,7,8,SG-024O ,51909
SG-024  ,8,9,SG-024N ,34124
SG-024  ,9,1,SG-024M ,14136
SG-024A ,1,2,SG-024AM,14286
SG-024A ,2,3,SG-024AN,34287
SG-024A ,3,4,SG-024AO,52056
SG-024A ,4,5,SG-024AP,70984
SG-024A ,5,6,SG-024AQ,91344
SG-024A ,6,7,SG-024AP,70984
SG-024A ,7,8,SG-024AO,52056
SG-024A ,8,9,SG-024AN,34287
SG-024A ,9,1,SG-024AM,14286
SG-025  ,1,2,SG-025M ,95839
SG-025  ,2,3,SG-025N ,96383
SG-025  ,3,4,SG-025O ,96927
SG-025  ,4,5,SG-025P ,97471
SG-025  ,5,6,SG-025Q ,98015
SG-025  ,6,7,SG-025P ,97471
SG-025  ,7,8,SG-025O ,96927
SG-025  ,8,9,SG-025N ,96383
SG-025  ,9,1,SG-025M ,95839
SG-026  ,1,2,SG-026M ,95856
SG-026  ,2,3,SG-026N ,96400
SG-026  ,3,4,SG-026O ,96944
SG-026  ,4,5,SG-026P ,97488
SG-026  ,5,6,SG-026Q ,98032
SG-026  ,6,7,SG-026P ,97488
SG-026  ,7,8,SG-026O ,96944
SG-026  ,8,9,SG-026N ,96400
SG-026  ,9,1,SG-026M ,95856
SG-027  ,1,2,SG-027M ,95873
SG-027  ,2,3,SG-027N ,96417
SG-027  ,3,4,SG-027O ,96961
SG-027  ,4,5,SG-027P ,97505
SG-027  ,5,6,SG-027Q ,98049
SG-027  ,6,7,SG-027P ,97505
SG-027  ,7,8,SG-027O ,96961
SG-027  ,8,9,SG-027N ,96417
SG-027  ,9,1,SG-027M ,95873
SG-028  ,1,2,SG-028M ,95890
SG-028  ,2,3,SG-028N ,96434
SG-028  ,3,4,SG-028O ,96978
SG-028  ,4,5,SG-028P ,97522
SG-028  ,5,6,SG-028Q ,98066
SG-028  ,6,7,SG-028P ,97522
SG-028  ,7,8,SG-028O ,96978
SG-028  ,8,9,SG-028N ,96434
SG-028  ,9,1,SG-028M ,95890
SG-029  ,1,2,SG-029M ,95907
SG-029  ,2,3,SG-029N ,96451
SG-029  ,3,4,SG-029O ,96995
SG-029  ,4,5,SG-029P ,97539
SG-029  ,5,6,SG-029Q ,98083
SG-029  ,6,7,SG-029P ,97539
SG-029  ,7,8,SG-029O ,96995
SG-029  ,8,9,SG-029N ,96451
SG-029  ,9,1,SG-029M ,95907
SG-030  ,1,2,SG-030M ,95924
SG-030  ,2,3,SG-030N ,96468
SG-030  ,3,4,SG-030O ,97012
SG-030  ,4,5,SG-030P ,97556
SG-030  ,5,6,SG-030Q ,98100
SG-030  ,6,7,SG-030P ,97556
SG-030  ,7,8,SG-030O ,97012
SG-030  ,8,9,SG-030N ,96468
SG-030  ,9,1,SG-030M ,95924
SG-031  ,1,2,SG-031M ,95941
SG-031  ,2,3,SG-031N ,96485
SG-031  ,3,4,SG-031O ,97029
SG-031  ,4,5,SG-031P ,97573
SG-031  ,5,6,SG-031Q ,98117
SG-031  ,6,7,SG-031P ,97573
SG-031  ,7,8,SG-031O ,97029
SG-031  ,8,9,SG-031N ,96485
SG-031  ,9,1,SG-031M ,95941
SG-032  ,1,2,SG-032M ,95958
SG-032  ,2,3,SG-032N ,96502
SG-032  ,3,4,SG-032O ,97046
SG-032  ,4,5,SG-032P ,97590
SG-032  ,5,6,SG-032Q ,98134
SG-032  ,6,7,SG-032P ,97590
SG-032  ,7,8,SG-032O ,97046
SG-032  ,8,9,SG-032N ,96502
SG-032  ,9,1,SG-032M ,95958
SG-033  ,1,2,SG-033M ,95975
SG-033  ,2,3,SG-033N ,96519
SG-033  ,3,4,SG-033O ,97063
SG-033  ,4,5,SG-033P ,97607
SG-033  ,5,6,SG-033Q ,98151
SG-033  ,6,7,SG-033P ,97607
SG-033  ,7,8,SG-033O ,97063
SG-033  ,8,9,SG-033N ,96519
SG-033  ,9,1,SG-033M ,95975
SG-034  ,1,2,SG-034M ,95992
SG-034  ,2,3,SG-034N ,96536
SG-034  ,3,4,SG-034O ,97080
SG-034  ,4,5,SG-034P ,97624
SG-034  ,5,6,SG-034Q ,98168
SG-034  ,6,7,SG-034P ,97624
SG-034  ,7,8,SG-034O ,97080
SG-034  ,8,9,SG-034N ,96536
SG-034  ,9,1,SG-034M ,95992
SG-035  ,1,2,SG-035M ,96009
SG-035  ,2,3,SG-035N ,96553
SG-035  ,3,4,SG-035O ,97097
SG-035  ,4,5,SG-035P ,97641
SG-035  ,5,6,SG-035Q ,98185
SG-035  ,6,7,SG-035P ,97641
SG-035  ,7,8,SG-035O ,97097
SG-035  ,8,9,SG-035N ,96553
SG-035  ,9,1,SG-035M ,96009
SG-036  ,1,2,SG-036M ,96026
SG-036  ,2,3,SG-036N ,96570
SG-036  ,3,4,SG-036O ,97114
SG-036  ,4,5,SG-036P ,97658
SG-036  ,5,6,SG-036Q ,98202
SG-036  ,6,7,SG-036P ,97658
SG-036  ,7,8,SG-036O ,97114
SG-036  ,8,9,SG-036N ,96570
SG-036  ,9,1,SG-036M ,96026
SG-037  ,1,2,SG-037M ,14420
SG-037  ,2,3,SG-037N ,34421
SG-037  ,3,4,SG-037O ,52162
SG-037  ,4,5,SG-037P ,71118
SG-037  ,5,6,SG-037Q ,91478
SG-037  ,6,7,SG-037P ,71118
SG-037  ,7,8,SG-037O ,52162
SG-037  ,8,9,SG-037N ,34421
SG-037  ,9,1,SG-037M ,14420
SG-038  ,1,2,SG-038M ,14444
SG-038  ,2,3,SG-038N ,34450
SG-038  ,3,4,SG-038O ,52185
SG-038  ,4,5,SG-038P ,71144
SG-038  ,5,6,SG-038Q ,91502
SG-038  ,6,7,SG-038P ,71144
SG-038  ,7,8,SG-038O ,52185
SG-038  ,8,9,SG-038N ,34450
SG-038  ,9,1,SG-038M ,14444
SG-039  ,1,2,SG-039M ,14463
SG-039  ,2,3,SG-039N ,34478
SG-039  ,3,4,SG-039O ,52211
SG-039  ,4,5,SG-039P ,71166
SG-039  ,5,6,SG-039Q ,91521
SG-039  ,6,7,SG-039P ,71166
SG-039  ,7,8,SG-039O ,52211
SG-039  ,8,9,SG-039N ,34478
SG-039  ,9,1,SG-039M ,14463
SG-040  ,1,2,SG-040M ,14482
SG-040  ,2,3,SG-040N ,34509
SG-040  ,3,4,SG-040O ,52241
SG-040  ,4,5,SG-040P ,71190
SG-040  ,5,6,SG-040Q ,91552
SG-040  ,6,7,SG-040P ,71190
SG-040  ,7,8,SG-040O ,52241
SG-040  ,8,9,SG-040N ,34509
SG-040  ,9,1,SG-040M ,14482
SG-041  ,1,2,SG-041M ,14502
SG-041  ,2,3,SG-041N ,34539
SG-041  ,3,4,SG-041O ,52269
SG-041  ,4,5,SG-041P ,71215
SG-041  ,5,6,SG-041Q ,91582
SG-041  ,6,7,SG-041P ,71215
SG-041  ,7,8,SG-041O ,52269
SG-041  ,8,9,SG-041N ,34539
SG-041  ,9,1,SG-041M ,14502
SG-042  ,1,2,SG-042M ,14914
SG-042  ,2,3,SG-042N ,34975
SG-042  ,3,4,SG-042O ,52617
SG-042  ,4,5,SG-042P ,71639
SG-042  ,5,6,SG-042Q ,92012
SG-042  ,6,7,SG-042P ,71639
SG-042  ,7,8,SG-042O ,52617
SG-042  ,8,9,SG-042N ,34975
SG-042  ,9,1,SG-042M ,14914
SG-043  ,1,2,SG-043M ,15280
SG-043  ,2,3,SG-043N ,35341
SG-043  ,3,4,SG-043O ,52897
SG-043  ,4,5,SG-043P ,72005
SG-043  ,5,6,SG-043Q ,92378
SG-043  ,6,7,SG-043P ,72005
SG-043  ,7,8,SG-043O ,52897
SG-043  ,8,9,SG-043N ,35341
SG-043  ,9,1,SG-043M ,15280
SG-044  ,1,2,SG-044M ,15692
SG-044  ,2,3,SG-044N ,35776
SG-044  ,3,4,SG-044O ,53238
SG-044  ,4,5,SG-044P ,72440
SG-044  ,5,6,SG-044Q ,92818
SG-044  ,6,7,SG-044P ,72440
SG-044  ,7,8,SG-044O ,53238
SG-044  ,8,9,SG-044N ,35776
SG-044  ,9,1,SG-044M ,15692
SG-045  ,1,2,SG-045M ,16059
SG-045  ,2,3,SG-045N ,36206
SG-045  ,3,4,SG-045O ,53603
SG-045  ,4,5,SG-045P ,72843
SG-045  ,5,6,SG-045Q ,93224
SG-045  ,6,7,SG-045P ,72843
SG-045  ,7,8,SG-045O ,53603
SG-045  ,8,9,SG-045N ,36206
SG-045  ,9,1,SG-045M ,16059
SG-046  ,1,2,SG-046M ,16375
SG-046  ,2,3,SG-046N ,36529
SG-046  ,3,4,SG-046O ,53876
SG-046  ,4,5,SG-046P ,73166
SG-046  ,5,6,SG-046Q ,93552
SG-046  ,6,7,SG-046P ,73166
SG-046  ,7,8,SG-046O ,53876
SG-046  ,8,9,SG-046N ,36529
SG-046  ,9,1,SG-046M ,16375
SG-047  ,1,2,SG-047M ,16698
SG-047  ,2,3,SG-047N ,36912
SG-047  ,3,4,SG-047O ,54181
SG-047  ,4,5,SG-047P ,73510
SG-047  ,5,6,SG-047Q ,93925
SG-047  ,6,7,SG-047P ,73510
SG-047  ,7,8,SG-047O ,54181
SG-047  ,8,9,SG-047N ,36912
SG-047  ,9,1,SG-047M ,16698
SG-048  ,1,2,SG-048M ,17055
SG-048  ,2,3,SG-048N ,37317
SG-048  ,3,4,SG-048O ,54587
SG-048  ,4,5,SG-048P ,73913
SG-048  ,5,6,SG-048Q ,94362
SG-048  ,6,7,SG-048P ,73913
SG-048  ,7,8,SG-048O ,54587
SG-048  ,8,9,SG-048N ,37317
SG-048  ,9,1,SG-048M ,17055
SG-049  ,1,2,SG-049M ,17346
SG-049  ,2,3,SG-049N ,37669
SG-049  ,3,4,SG-049O ,54909
SG-049  ,4,5,SG-049P ,74242
SG-049  ,5,6,SG-049Q ,94721
SG-049  ,6,7,SG-049P ,74242
SG-049  ,7,8,SG-049O ,54909
SG-049  ,8,9,SG-049N ,37669
SG-049  ,9,1,SG-049M ,17346
SG-050  ,1,2,SG-050M ,17905
SG-050  ,2,3,SG-050N ,38228
SG-050  ,3,4,SG-050O ,55305
SG-050  ,4,5,SG-050P ,74801
SG-050  ,5,6,SG-050Q ,95280
SG-050  ,6,7,SG-050P ,74801
SG-050  ,7,8,SG-050O ,55305
SG-050  ,8,9,SG-050N ,38228
SG-050  ,9,1,SG-050M ,17905
SG-051  ,1,2,SG-051M ,96043
SG-051  ,2,3,SG-051N ,96587
SG-051  ,3,4,SG-051O ,97131
SG-051  ,4,5,SG-051P ,97675
SG-051  ,5,6,SG-051Q ,98219
SG-051  ,6,7,SG-051P ,97675
SG-051  ,7,8,SG-051O ,97131
SG-051  ,8,9,SG-051N ,96587
SG-051  ,9,1,SG-051M ,96043
SG-052  ,1,2,SG-052M ,96060
SG-052  ,2,3,SG-052N ,96604
SG-052  ,3,4,SG-052O ,97148
SG-052  ,4,5,SG-052P ,97692
SG-052  ,5,6,SG-052Q ,98236
SG-052  ,6,7,SG-052P ,97692
SG-052  ,7,8,SG-052O ,97148
SG-052  ,8,9,SG-052N ,96604
SG-052  ,9,1,SG-052M ,96060
SG-053  ,1,2,SG-053M ,96077
SG-053  ,2,3,SG-053N ,96621
SG-053  ,3,4,SG-053O ,97165
SG-053  ,4,5,SG-053P ,97709
SG-053  ,5,6,SG-053Q ,98253
SG-053  ,6,7,SG-053P ,97709
SG-053  ,7,8,SG-053O ,97165
SG-053  ,8,9,SG-053N ,96621
SG-053  ,9,1,SG-053M ,96077
SG-054  ,1,2,SG-054M ,96094
SG-054  ,2,3,SG-054N ,96638
SG-054  ,3,4,SG-054O ,97182
SG-054  ,4,5,SG-054P ,97726
SG-054  ,5,6,SG-054Q ,98270
SG-054  ,6,7,SG-054P ,97726
SG-054  ,7,8,SG-054O ,97182
SG-054  ,8,9,SG-054N ,96638
SG-054  ,9,1,SG-054M ,96094
SG-055  ,1,2,SG-055M ,96111
SG-055  ,2,3,SG-055N ,96655
SG-055  ,3,4,SG-055O ,97199
SG-055  ,4,5,SG-055P ,97743
SG-055  ,5,6,SG-055Q ,98287
SG-055  ,6,7,SG-055P ,97743
SG-055  ,7,8,SG-055O ,97199
SG-055  ,8,9,SG-055N ,96655
SG-055  ,9,1,SG-055M ,96111
SG-056  ,1,2,SG-056M ,96128
SG-056  ,2,3,SG-056N ,96672
SG-056  ,3,4,SG-056O ,97216
SG-056  ,4,5,SG-056P ,97760
SG-056  ,5,6,SG-056Q ,98304
SG-056  ,6,7,SG-056P ,97760
SG-056  ,7,8,SG-056O ,97216
SG-056  ,8,9,SG-056N ,96672
SG-056  ,9,1,SG-056M ,96128
SG-057  ,1,2,SG-057M ,96145
SG-057  ,2,3,SG-057N ,96689
SG-057  ,3,4,SG-057O ,97233
SG-057  ,4,5,SG-057P ,97777
SG-057  ,5,6,SG-057Q ,98321
SG-057  ,6,7,SG-057P ,97777
SG-057  ,7,8,SG-057O ,97233
SG-057  ,8,9,SG-057N ,96689
SG-057  ,9,1,SG-057M ,96145
SG-058  ,1,2,SG-058M ,96162
SG-058  ,2,3,SG-058N ,96706
SG-058  ,3,4,SG-058O ,97250
SG-058  ,4,5,SG-058P ,97794
SG-058  ,5,6,SG-058Q ,98338
SG-058  ,6,7,SG-058P ,97794
SG-058  ,7,8,SG-058O ,97250
SG-058  ,8,9,SG-058N ,96706
SG-058  ,9,1,SG-058M ,96162
SG-059  ,1,2,SG-059M ,96179
SG-059  ,2,3,SG-059N ,96723
SG-059  ,3,4,SG-059O ,97267
SG-059  ,4,5,SG-059P ,97811
SG-059  ,5,6,SG-059Q ,98355
SG-059  ,6,7,SG-059P ,97811
SG-059  ,7,8,SG-059O ,97267
SG-059  ,8,9,SG-059N ,96723
SG-059  ,9,1,SG-059M ,96179
SG-060  ,1,2,SG-060M ,96196
SG-060  ,2,3,SG-060N ,96740
SG-060  ,3,4,SG-060O ,97284
SG-060  ,4,5,SG-060P ,97828
SG-060  ,5,6,SG-060Q ,98372
SG-060  ,6,7,SG-060P ,97828
SG-060  ,7,8,SG-060O ,97284
SG-060  ,8,9,SG-060N ,96740
SG-060  ,9,1,SG-060M ,96196
SG-061  ,1,2,SG-061M ,96213
SG-061  ,2,3,SG-061N ,96757
SG-061  ,3,4,SG-061O ,97301
SG-061  ,4,5,SG-061P ,97845
SG-061  ,5,6,SG-061Q ,98389
SG-061  ,6,7,SG-061P ,97845
SG-061  ,7,8,SG-061O ,97301
SG-061  ,8,9,SG-061N ,96757
SG-061  ,9,1,SG-061M ,96213
SG-062  ,1,2,SG-062M ,96230
SG-062  ,2,3,SG-062N ,96774
SG-062  ,3,4,SG-062O ,97318
SG-062  ,4,5,SG-062P ,97862
SG-062  ,5,6,SG-062Q ,98406
SG-062  ,6,7,SG-062P ,97862
SG-062  ,7,8,SG-062O ,97318
SG-062  ,8,9,SG-062N ,96774
SG-062  ,9,1,SG-062M ,96230
SG-063  ,1,2,SG-063M ,96247
SG-063  ,2,3,SG-063N ,96791
SG-063  ,3,4,SG-063O ,97335
SG-063  ,4,5,SG-063P ,97879
SG-063  ,5,6,SG-063Q ,98423
SG-063  ,6,7,SG-063P ,97879
SG-063  ,7,8,SG-063O ,97335
SG-063  ,8,9,SG-063N ,96791
SG-063  ,9,1,SG-063M ,96247
SG-064  ,1,2,SG-064M ,96264
SG-064  ,2,3,SG-064N ,96808
SG-064  ,3,4,SG-064O ,97352
SG-064  ,4,5,SG-064P ,97896
SG-064  ,5,6,SG-064Q ,98440
SG-064  ,6,7,SG-064P ,97896
SG-064  ,7,8,SG-064O ,97352
SG-064  ,8,9,SG-064N ,96808
SG-064  ,9,1,SG-064M ,96264
SG-065  ,1,2,SG-065M ,96281
SG-065  ,2,3,SG-065N ,96825
SG-065  ,3,4,SG-065O ,97369
SG-065  ,4,5,SG-065P ,97913
SG-065  ,5,6,SG-065Q ,98457
SG-065  ,6,7,SG-065P ,97913
SG-065  ,7,8,SG-065O ,97369
SG-065  ,8,9,SG-065N ,96825
SG-065  ,9,1,SG-065M ,96281
SG-066  ,1,2,SG-066M ,96298
SG-066  ,2,3,SG-066N ,96842
SG-066  ,3,4,SG-066O ,97386
SG-066  ,4,5,SG-066P ,97930
SG-066  ,5,6,SG-066Q ,98474
SG-066  ,6,7,SG-066P ,97930
SG-066  ,7,8,SG-066O ,97386
SG-066  ,8,9,SG-066N ,96842
SG-066  ,9,1,SG-066M ,96298
SG-067  ,1,2,SG-067M ,96315
SG-067  ,2,3,SG-067N ,96859
SG-067  ,3,4,SG-067O ,97403
SG-067  ,4,5,SG-067P ,97947
SG-067  ,5,6,SG-067Q ,98491
SG-067  ,6,7,SG-067P ,97947
SG-067  ,7,8,SG-067O ,97403
SG-067  ,8,9,SG-067N ,96859
SG-067  ,9,1,SG-067M ,96315
SG-068  ,1,2,SG-068M ,96332
SG-068  ,2,3,SG-068N ,96876
SG-068  ,3,4,SG-068O ,97420
SG-068  ,4,5,SG-068P ,97964
SG-068  ,5,6,SG-068Q ,98508
SG-068  ,6,7,SG-068P ,97964
SG-068  ,7,8,SG-068O ,97420
SG-068  ,8,9,SG-068N ,96876
SG-068  ,9,1,SG-068M ,96332
SG-069  ,1,2,SG-069M ,96349
SG-069  ,2,3,SG-069N ,96893
SG-069  ,3,4,SG-069O ,97437
SG-069  ,4,5,SG-069P ,97981
SG-069  ,5,6,SG-069Q ,98525
SG-069  ,6,7,SG-069P ,97981
SG-069  ,7,8,SG-069O ,97437
SG-069  ,8,9,SG-069N ,96893
SG-069  ,9,1,SG-069M ,96349
SG-070  ,1,2,SG-070M ,96366
SG-070  ,2,3,SG-070N ,96910
SG-070  ,3,4,SG-070O ,97454
SG-070  ,4,5,SG-070P ,97998
SG-070  ,5,6,SG-070Q ,98542
SG-070  ,6,7,SG-070P ,97998
SG-070  ,7,8,SG-070O ,97454
SG-070  ,8,9,SG-070N ,96910
SG-070  ,9,1,SG-070M ,96366
